X,CH1,CH2,Start,Increment,
Sequence,Volt,Volt,-3.500000e-02,5.000000e-05,
0,-7.800000e-01,-2.600000e-01,
1,-8.600000e-01,-1.600000e-01,
2,-7.800000e-01,-2.600000e-01,
3,-8.600000e-01,-1.600000e-01,
4,-8.200000e-01,-2.000000e-01,
5,-7.800000e-01,-1.200000e-01,
6,-9.200000e-01,-3.000000e-01,
7,-7.000000e-01,-8.000000e-02,
8,-5.400000e-01,1.400000e-01,
9,-9.600000e-01,-3.400000e-01,
10,-8.200000e-01,-1.200000e-01,
11,-7.400000e-01,-4.000000e-02,
12,-8.000000e-01,-1.000000e-01,
13,-7.400000e-01,-4.000000e-02,
14,-8.400000e-01,-1.200000e-01,
15,-5.800000e-01,1.600000e-01,
16,-9.200000e-01,-2.000000e-01,
17,-5.200000e-01,2.000000e-01,
18,-7.800000e-01,-4.000000e-02,
19,-6.600000e-01,6.000000e-02,
20,-6.600000e-01,8.000000e-02,
21,-7.800000e-01,-4.000000e-02,
22,-8.200000e-01,-6.000000e-02,
23,-5.800000e-01,1.600000e-01,
24,-8.200000e-01,-6.000000e-02,
25,-6.200000e-01,1.400000e-01,
26,-7.000000e-01,6.000000e-02,
27,-6.600000e-01,1.200000e-01,
28,-7.000000e-01,8.000000e-02,
29,-6.400000e-01,1.400000e-01,
30,-6.800000e-01,1.000000e-01,
31,-6.400000e-01,1.600000e-01,
32,-6.800000e-01,1.400000e-01,
33,-6.000000e-01,2.000000e-01,
34,-7.600000e-01,8.000000e-02,
35,-4.800000e-01,3.200000e-01,
36,-7.800000e-01,6.000000e-02,
37,-4.200000e-01,4.400000e-01,
38,-6.000000e-01,2.400000e-01,
39,-5.400000e-01,3.200000e-01,
40,-5.800000e-01,2.800000e-01,
41,-5.000000e-01,3.600000e-01,
42,-6.000000e-01,2.600000e-01,
43,-4.400000e-01,4.200000e-01,
44,-5.800000e-01,2.800000e-01,
45,-4.000000e-01,4.800000e-01,
46,-4.800000e-01,3.800000e-01,
47,-3.800000e-01,5.000000e-01,
48,-4.000000e-01,4.600000e-01,
49,-3.400000e-01,5.400000e-01,
50,-4.600000e-01,4.000000e-01,
51,-1.800000e-01,6.600000e-01,
52,-3.200000e-01,5.600000e-01,
53,-2.400000e-01,6.200000e-01,
54,-4.000000e-01,4.600000e-01,
55,-8.000000e-02,7.800000e-01,
56,-2.400000e-01,6.200000e-01,
57,-1.600000e-01,6.800000e-01,
58,-2.000000e-01,6.400000e-01,
59,-1.400000e-01,7.000000e-01,
60,-1.600000e-01,6.600000e-01,
61,-1.000000e-01,7.200000e-01,
62,-1.400000e-01,7.000000e-01,
63,-8.000000e-02,7.400000e-01,
64,-1.800000e-01,8.200000e-01,
65,2.000000e-02,6.000000e-01,
66,-8.000000e-02,7.000000e-01,
67,-2.000000e-02,7.800000e-01,
68,-6.000000e-02,7.200000e-01,
69,0.000000e+00,7.800000e-01,
70,-4.000000e-02,7.200000e-01,
71,2.000000e-02,7.800000e-01,
72,-2.000000e-02,7.400000e-01,
73,4.000000e-02,7.800000e-01,
74,1.400000e-01,8.800000e-01,
75,-4.000000e-02,7.000000e-01,
76,4.000000e-02,8.000000e-01,
77,8.000000e-02,7.600000e-01,
78,-2.000000e-02,7.200000e-01,
79,1.200000e-01,8.400000e-01,
80,0.000000e+00,7.000000e-01,
81,1.800000e-01,8.600000e-01,
82,0.000000e+00,9.800000e-01,
83,2.800000e-01,6.800000e-01,
84,1.000000e-01,7.600000e-01,
85,2.400000e-01,9.000000e-01,
86,1.200000e-01,7.400000e-01,
87,3.600000e-01,1.000000e+00,
88,2.000000e-01,8.400000e-01,
89,2.800000e-01,8.800000e-01,
90,2.400000e-01,8.800000e-01,
91,3.200000e-01,8.400000e-01,
92,4.200000e-01,9.600000e-01,
93,2.000000e-01,7.800000e-01,
94,3.200000e-01,8.800000e-01,
95,4.200000e-01,8.000000e-01,
96,3.800000e-01,8.800000e-01,
97,4.600000e-01,8.400000e-01,
98,4.200000e-01,8.800000e-01,
99,5.000000e-01,8.400000e-01,
100,4.600000e-01,8.200000e-01,
101,5.400000e-01,9.000000e-01,
102,4.400000e-01,9.400000e-01,
103,6.400000e-01,7.400000e-01,
104,5.400000e-01,8.400000e-01,
105,6.200000e-01,8.800000e-01,
106,4.800000e-01,7.200000e-01,
107,7.400000e-01,9.800000e-01,
108,5.200000e-01,7.200000e-01,
109,7.600000e-01,9.600000e-01,
110,6.200000e-01,8.600000e-01,
111,6.800000e-01,8.000000e-01,
112,7.800000e-01,9.200000e-01,
113,5.800000e-01,7.000000e-01,
114,6.600000e-01,8.400000e-01,
115,7.200000e-01,7.600000e-01,
116,7.400000e-01,7.000000e-01,
117,6.200000e-01,8.400000e-01,
118,7.600000e-01,7.400000e-01,
119,6.800000e-01,8.200000e-01,
120,7.000000e-01,8.000000e-01,
121,7.600000e-01,7.400000e-01,
122,8.400000e-01,8.400000e-01,
123,5.600000e-01,5.800000e-01,
124,7.200000e-01,7.200000e-01,
125,7.800000e-01,7.600000e-01,
126,7.200000e-01,7.600000e-01,
127,7.800000e-01,7.000000e-01,
128,7.400000e-01,7.400000e-01,
129,8.000000e-01,7.000000e-01,
130,7.400000e-01,7.400000e-01,
131,8.000000e-01,6.800000e-01,
132,9.200000e-01,8.200000e-01,
133,6.200000e-01,5.200000e-01,
134,6.400000e-01,5.200000e-01,
135,1.000000e+00,8.800000e-01,
136,8.400000e-01,7.000000e-01,
137,7.000000e-01,5.400000e-01,
138,8.000000e-01,6.600000e-01,
139,8.400000e-01,6.000000e-01,
140,8.800000e-01,6.600000e-01,
141,7.000000e-01,4.400000e-01,
142,7.600000e-01,5.000000e-01,
143,9.200000e-01,6.600000e-01,
144,8.600000e-01,5.800000e-01,
145,8.000000e-01,4.800000e-01,
146,8.200000e-01,5.200000e-01,
147,8.600000e-01,4.400000e-01,
148,8.200000e-01,4.800000e-01,
149,8.600000e-01,4.000000e-01,
150,9.200000e-01,5.400000e-01,
151,7.600000e-01,3.400000e-01,
152,9.400000e-01,4.600000e-01,
153,7.400000e-01,2.800000e-01,
154,8.600000e-01,3.600000e-01,
155,8.200000e-01,2.800000e-01,
156,8.600000e-01,3.200000e-01,
157,8.200000e-01,2.400000e-01,
158,8.200000e-01,2.800000e-01,
159,8.800000e-01,2.000000e-01,
160,7.400000e-01,1.000000e-01,
161,9.000000e-01,2.600000e-01,
162,8.600000e-01,2.000000e-01,
163,8.000000e-01,1.400000e-01,
164,7.200000e-01,6.000000e-02,
165,8.800000e-01,2.200000e-01,
166,8.200000e-01,1.400000e-01,
167,7.600000e-01,8.000000e-02,
168,9.400000e-01,2.200000e-01,
169,7.200000e-01,2.000000e-02,
170,9.000000e-01,1.800000e-01,
171,6.000000e-01,-8.000000e-02,
172,7.800000e-01,6.000000e-02,
173,7.200000e-01,0.000000e+00,
174,5.800000e-01,-1.200000e-01,
175,9.200000e-01,2.200000e-01,
176,5.800000e-01,-1.600000e-01,
177,8.800000e-01,1.600000e-01,
178,7.000000e-01,0.000000e+00,
179,7.400000e-01,-6.000000e-02,
180,6.200000e-01,-1.600000e-01,
181,7.800000e-01,2.000000e-02,
182,6.800000e-01,-4.000000e-02,
183,7.400000e-01,-1.000000e-01,
184,7.200000e-01,-6.000000e-02,
185,6.600000e-01,-1.200000e-01,
186,6.600000e-01,-8.000000e-02,
187,7.200000e-01,-1.600000e-01,
188,7.000000e-01,-1.200000e-01,
189,6.400000e-01,-1.800000e-01,
190,7.600000e-01,-3.000000e-01,
191,5.400000e-01,-8.000000e-02,
192,6.400000e-01,-1.800000e-01,
193,5.800000e-01,-2.600000e-01,
194,6.200000e-01,-2.200000e-01,
195,5.400000e-01,-3.000000e-01,
196,5.800000e-01,-2.600000e-01,
197,5.200000e-01,-3.400000e-01,
198,3.800000e-01,-4.400000e-01,
199,5.800000e-01,-2.600000e-01,
200,3.600000e-01,-4.800000e-01,
201,5.400000e-01,-3.200000e-01,
202,4.600000e-01,-3.800000e-01,
203,3.800000e-01,-4.800000e-01,
204,4.200000e-01,-4.200000e-01,
205,3.400000e-01,-5.000000e-01,
206,4.000000e-01,-4.400000e-01,
207,3.000000e-01,-5.600000e-01,
208,4.400000e-01,-4.200000e-01,
209,1.600000e-01,-6.600000e-01,
210,4.000000e-01,-4.600000e-01,
211,1.800000e-01,-6.600000e-01,
212,8.000000e-02,-7.800000e-01,
213,3.400000e-01,-4.800000e-01,
214,2.200000e-01,-6.200000e-01,
215,1.400000e-01,-6.800000e-01,
216,1.800000e-01,-6.400000e-01,
217,1.200000e-01,-7.000000e-01,
218,0.000000e+00,-5.600000e-01,
219,2.600000e-01,-8.200000e-01,
220,1.600000e-01,-8.200000e-01,
221,-2.000000e-02,-6.400000e-01,
222,1.000000e-01,-7.000000e-01,
223,4.000000e-02,-7.600000e-01,
224,1.400000e-01,-6.400000e-01,
225,0.000000e+00,-7.800000e-01,
226,1.600000e-01,-9.400000e-01,
227,-1.800000e-01,-5.800000e-01,
228,1.800000e-01,-5.600000e-01,
229,-8.000000e-02,-8.200000e-01,
230,0.000000e+00,-7.400000e-01,
231,-6.000000e-02,-7.800000e-01,
232,1.000000e-01,-6.000000e-01,
233,-1.600000e-01,-8.600000e-01,
234,2.000000e-02,-6.800000e-01,
235,-1.400000e-01,-8.400000e-01,
236,-2.400000e-01,-9.400000e-01,
237,6.000000e-02,-6.600000e-01,
238,-6.000000e-02,-8.400000e-01,
239,-1.800000e-01,-7.400000e-01,
240,-2.600000e-01,-7.000000e-01,
241,-2.000000e-02,-9.400000e-01,
242,-1.600000e-01,-8.200000e-01,
243,-2.400000e-01,-8.800000e-01,
244,-3.200000e-01,-9.400000e-01,
245,-1.400000e-01,-7.600000e-01,
246,-2.400000e-01,-8.400000e-01,
247,-3.200000e-01,-9.000000e-01,
248,-2.600000e-01,-8.000000e-01,
249,-3.800000e-01,-9.200000e-01,
250,-1.800000e-01,-7.000000e-01,
251,-4.200000e-01,-9.400000e-01,
252,-3.600000e-01,-8.800000e-01,
253,-4.400000e-01,-8.200000e-01,
254,-3.600000e-01,-7.800000e-01,
255,-6.000000e-01,-9.800000e-01,
256,-6.000000e-01,-9.400000e-01,
257,-4.200000e-01,-7.400000e-01,
258,-4.200000e-01,-7.800000e-01,
259,-6.400000e-01,-9.800000e-01,
260,-5.200000e-01,-8.800000e-01,
261,-6.000000e-01,-7.800000e-01,
262,-7.400000e-01,-9.600000e-01,
263,-4.400000e-01,-7.000000e-01,
264,-6.000000e-01,-8.600000e-01,
265,-6.800000e-01,-8.000000e-01,
266,-7.800000e-01,-9.600000e-01,
267,-5.400000e-01,-7.000000e-01,
268,-5.200000e-01,-9.000000e-01,
269,-7.800000e-01,-6.600000e-01,
270,-6.600000e-01,-8.400000e-01,
271,-7.200000e-01,-7.800000e-01,
272,-6.800000e-01,-8.200000e-01,
273,-7.400000e-01,-7.800000e-01,
274,-6.800000e-01,-7.400000e-01,
275,-7.600000e-01,-8.200000e-01,
276,-7.000000e-01,-8.000000e-01,
277,-7.600000e-01,-7.400000e-01,
278,-8.400000e-01,-8.400000e-01,
279,-6.600000e-01,-6.600000e-01,
280,-7.200000e-01,-7.600000e-01,
281,-7.600000e-01,-7.000000e-01,
282,-7.200000e-01,-7.000000e-01,
283,-7.800000e-01,-7.400000e-01,
284,-8.400000e-01,-8.000000e-01,
285,-6.800000e-01,-6.200000e-01,
286,-6.000000e-01,-5.400000e-01,
287,-9.200000e-01,-8.400000e-01,
288,-7.600000e-01,-6.600000e-01,
289,-8.200000e-01,-7.200000e-01,
290,-7.600000e-01,-7.000000e-01,
291,-8.200000e-01,-6.400000e-01,
292,-7.800000e-01,-6.800000e-01,
293,-8.400000e-01,-6.200000e-01,
294,-9.200000e-01,-7.200000e-01,
295,-7.200000e-01,-5.200000e-01,
296,-8.400000e-01,-6.400000e-01,
297,-8.000000e-01,-5.600000e-01,
298,-9.400000e-01,-6.800000e-01,
299,-7.000000e-01,-4.400000e-01,
300,-8.600000e-01,-5.600000e-01,
301,-8.000000e-01,-4.800000e-01,
302,-8.200000e-01,-5.200000e-01,
303,-8.600000e-01,-4.400000e-01,
304,-7.000000e-01,-3.200000e-01,
305,-9.800000e-01,-5.800000e-01,
306,-7.600000e-01,-4.400000e-01,
307,-9.000000e-01,-3.200000e-01,
308,-7.000000e-01,-2.600000e-01,
309,-9.000000e-01,-4.800000e-01,
310,-8.600000e-01,-3.600000e-01,
311,-8.200000e-01,-2.800000e-01,
312,-8.600000e-01,-3.200000e-01,
313,-8.000000e-01,-2.400000e-01,
314,-8.000000e-01,-2.800000e-01,
315,-8.600000e-01,-2.000000e-01,
316,-1.040000e+00,-4.000000e-01,
317,-5.600000e-01,4.000000e-02,
318,-8.400000e-01,-1.200000e-01,
319,-7.600000e-01,-2.200000e-01,
320,-8.200000e-01,-1.800000e-01,
321,-7.800000e-01,-1.000000e-01,
322,-7.600000e-01,-1.400000e-01,
323,-8.200000e-01,-8.000000e-02,
324,-8.000000e-01,-1.200000e-01,
325,-7.400000e-01,-6.000000e-02,
326,-8.000000e-01,-1.000000e-01,
327,-7.400000e-01,-2.000000e-02,
328,-6.200000e-01,1.000000e-01,
329,-9.200000e-01,-2.000000e-01,
330,-7.600000e-01,-4.000000e-02,
331,-7.200000e-01,2.000000e-02,
332,-7.600000e-01,-2.000000e-02,
333,-7.000000e-01,4.000000e-02,
334,-8.000000e-01,-6.000000e-02,
335,-6.400000e-01,1.200000e-01,
336,-8.200000e-01,-8.000000e-02,
337,-5.800000e-01,1.800000e-01,
338,-6.800000e-01,4.000000e-02,
339,-7.400000e-01,1.000000e-01,
340,-7.400000e-01,6.000000e-02,
341,-6.600000e-01,1.200000e-01,
342,-7.000000e-01,8.000000e-02,
343,-6.400000e-01,1.400000e-01,
344,-6.000000e-01,2.200000e-01,
345,-7.200000e-01,8.000000e-02,
346,-4.000000e-01,4.400000e-01,
347,-9.400000e-01,-4.000000e-02,
348,-6.600000e-01,1.600000e-01,
349,-6.000000e-01,2.400000e-01,
350,-6.200000e-01,2.000000e-01,
351,-5.600000e-01,2.800000e-01,
352,-7.200000e-01,1.200000e-01,
353,-4.400000e-01,4.000000e-01,
354,-6.200000e-01,2.200000e-01,
355,-4.600000e-01,3.800000e-01,
356,-4.200000e-01,4.400000e-01,
357,-6.400000e-01,2.400000e-01,
358,-5.000000e-01,3.800000e-01,
359,-4.200000e-01,4.600000e-01,
360,-2.400000e-01,2.200000e-01,
361,-6.200000e-01,6.400000e-01,
362,-2.600000e-01,6.200000e-01,
363,-4.400000e-01,4.200000e-01,
364,-1.800000e-01,6.600000e-01,
365,-4.000000e-01,4.800000e-01,
366,-1.800000e-01,6.800000e-01,
367,-4.000000e-01,4.600000e-01,
368,-4.400000e-01,4.400000e-01,
369,-1.200000e-01,7.200000e-01,
370,-2.400000e-01,6.200000e-01,
371,-1.600000e-01,6.800000e-01,
372,-2.000000e-01,6.400000e-01,
373,-1.200000e-01,7.000000e-01,
374,-2.600000e-01,6.000000e-01,
375,-8.000000e-02,7.800000e-01,
376,-2.600000e-01,5.800000e-01,
377,-2.000000e-02,8.000000e-01,
378,-1.000000e-01,7.000000e-01,
379,-4.000000e-02,7.600000e-01,
380,-8.000000e-02,7.200000e-01,
381,-2.000000e-02,7.600000e-01,
382,-6.000000e-02,7.200000e-01,
383,0.000000e+00,7.800000e-01,
384,1.200000e-01,8.800000e-01,
385,-6.000000e-02,7.000000e-01,
386,-2.200000e-01,5.600000e-01,
387,1.600000e-01,9.000000e-01,
388,0.000000e+00,7.600000e-01,
389,8.000000e-02,8.000000e-01,
390,2.000000e-02,7.600000e-01,
391,1.000000e-01,8.200000e-01,
392,4.000000e-02,7.800000e-01,
393,1.200000e-01,8.400000e-01,
394,-2.000000e-02,7.000000e-01,
395,2.200000e-01,9.200000e-01,
396,1.000000e-01,8.000000e-01,
397,1.800000e-01,8.600000e-01,
398,1.400000e-01,8.200000e-01,
399,2.000000e-01,8.800000e-01,
400,1.800000e-01,8.400000e-01,
401,2.600000e-01,8.800000e-01,
402,3.800000e-01,9.800000e-01,
403,1.600000e-01,7.800000e-01,
404,4.000000e-01,7.400000e-01,
405,1.600000e-01,9.800000e-01,
406,3.000000e-01,8.800000e-01,
407,3.800000e-01,8.400000e-01,
408,3.400000e-01,8.400000e-01,
409,4.200000e-01,9.000000e-01,
410,3.800000e-01,8.600000e-01,
411,4.600000e-01,9.000000e-01,
412,4.200000e-01,8.600000e-01,
413,5.200000e-01,9.000000e-01,
414,4.400000e-01,8.000000e-01,
415,6.200000e-01,9.600000e-01,
416,5.200000e-01,8.600000e-01,
417,5.800000e-01,9.000000e-01,
418,5.600000e-01,9.000000e-01,
419,6.200000e-01,8.400000e-01,
420,5.800000e-01,8.800000e-01,
421,6.600000e-01,8.400000e-01,
422,6.200000e-01,8.800000e-01,
423,6.800000e-01,8.200000e-01,
424,8.000000e-01,9.600000e-01,
425,6.000000e-01,7.800000e-01,
426,6.600000e-01,8.400000e-01,
427,7.200000e-01,8.000000e-01,
428,6.600000e-01,8.400000e-01,
429,7.200000e-01,7.800000e-01,
430,6.800000e-01,8.200000e-01,
431,7.400000e-01,7.600000e-01,
432,8.400000e-01,6.600000e-01,
433,5.800000e-01,8.600000e-01,
434,7.800000e-01,8.200000e-01,
435,6.000000e-01,6.400000e-01,
436,7.000000e-01,7.800000e-01,
437,7.600000e-01,7.200000e-01,
438,7.200000e-01,7.200000e-01,
439,7.800000e-01,7.600000e-01,
440,7.400000e-01,7.600000e-01,
441,8.000000e-01,7.000000e-01,
442,9.200000e-01,8.200000e-01,
443,7.200000e-01,6.600000e-01,
444,7.600000e-01,7.400000e-01,
445,8.000000e-01,6.800000e-01,
446,5.600000e-01,8.600000e-01,
447,9.800000e-01,4.600000e-01,
448,7.800000e-01,7.000000e-01,
449,8.200000e-01,6.400000e-01,
450,7.800000e-01,7.000000e-01,
451,8.400000e-01,6.200000e-01,
452,9.200000e-01,4.800000e-01,
453,6.400000e-01,7.000000e-01,
454,7.000000e-01,4.600000e-01,
455,8.600000e-01,6.400000e-01,
456,8.000000e-01,6.000000e-01,
457,8.400000e-01,5.200000e-01,
458,8.000000e-01,5.600000e-01,
459,8.400000e-01,4.800000e-01,
460,8.400000e-01,5.200000e-01,
461,8.000000e-01,4.200000e-01,
462,7.000000e-01,2.800000e-01,
463,9.600000e-01,5.600000e-01,
464,7.000000e-01,2.800000e-01,
465,9.800000e-01,5.400000e-01,
466,8.400000e-01,4.000000e-01,
467,8.000000e-01,3.200000e-01,
468,7.400000e-01,3.400000e-01,
469,8.600000e-01,2.400000e-01,
470,8.400000e-01,3.000000e-01,
471,8.000000e-01,2.400000e-01,
472,7.000000e-01,3.200000e-01,
473,9.200000e-01,1.200000e-01,
474,7.000000e-01,1.000000e-01,
475,9.200000e-01,3.200000e-01,
476,8.200000e-01,2.000000e-01,
477,7.800000e-01,1.400000e-01,
478,8.200000e-01,1.800000e-01,
479,7.400000e-01,8.000000e-02,
480,6.200000e-01,-6.000000e-02,
481,9.200000e-01,2.400000e-01,
482,8.400000e-01,1.400000e-01,
483,7.200000e-01,2.000000e-02,
484,7.800000e-01,8.000000e-02,
485,7.200000e-01,4.000000e-02,
486,7.200000e-01,6.000000e-02,
487,7.800000e-01,0.000000e+00,
488,5.600000e-01,-1.400000e-01,
489,8.000000e-01,1.000000e-01,
490,5.600000e-01,-1.400000e-01,
491,8.200000e-01,8.000000e-02,
492,6.000000e-01,-1.400000e-01,
493,8.000000e-01,4.000000e-02,
494,7.200000e-01,0.000000e+00,
495,6.800000e-01,-8.000000e-02,
496,6.800000e-01,-4.000000e-02,
497,7.200000e-01,-1.000000e-01,
498,7.200000e-01,-6.000000e-02,
499,6.400000e-01,-1.200000e-01,
500,7.000000e-01,-8.000000e-02,
501,6.400000e-01,-1.400000e-01,
502,8.400000e-01,2.000000e-02,
503,6.000000e-01,-2.000000e-01,
504,5.200000e-01,-3.200000e-01,
505,8.200000e-01,0.000000e+00,
506,6.600000e-01,-1.800000e-01,
507,5.800000e-01,-2.600000e-01,
508,6.200000e-01,-2.200000e-01,
509,5.600000e-01,-2.800000e-01,
510,3.400000e-01,-5.000000e-01,
511,6.600000e-01,-1.800000e-01,
512,4.000000e-01,-4.200000e-01,
513,6.400000e-01,-2.200000e-01,
514,5.200000e-01,-3.200000e-01,
515,3.800000e-01,-4.600000e-01,
516,3.000000e-01,-5.600000e-01,
517,5.000000e-01,-3.400000e-01,
518,5.200000e-01,-3.400000e-01,
519,2.800000e-01,-5.600000e-01,
520,5.000000e-01,-3.400000e-01,
521,2.800000e-01,-5.600000e-01,
522,3.400000e-01,-5.000000e-01,
523,2.800000e-01,-5.800000e-01,
524,0.000000e+00,-8.800000e-01,
525,5.400000e-01,-3.600000e-01,
526,2.600000e-01,-5.800000e-01,
527,2.000000e-01,-6.600000e-01,
528,4.000000e-02,-8.000000e-01,
529,2.800000e-01,-5.800000e-01,
530,2.000000e-01,-6.400000e-01,
531,1.200000e-01,-7.000000e-01,
532,2.400000e-01,-5.800000e-01,
533,-1.000000e-01,-9.000000e-01,
534,2.000000e-01,-6.200000e-01,
535,-6.000000e-02,-8.400000e-01,
536,1.000000e-01,-7.000000e-01,
537,4.000000e-02,-7.400000e-01,
538,8.000000e-02,-7.000000e-01,
539,0.000000e+00,-7.600000e-01,
540,-1.200000e-01,-1.180000e+00,
541,1.800000e-01,-5.000000e-01,
542,1.400000e-01,-5.600000e-01,
543,-1.200000e-01,-8.600000e-01,
544,0.000000e+00,-7.400000e-01,
545,-6.000000e-02,-7.800000e-01,
546,4.000000e-02,-7.200000e-01,
547,-1.200000e-01,-8.400000e-01,
548,-4.000000e-02,-7.600000e-01,
549,-1.000000e-01,-8.200000e-01,
550,0.000000e+00,-7.200000e-01,
551,-2.200000e-01,-9.200000e-01,
552,-8.000000e-02,-8.000000e-01,
553,-1.600000e-01,-8.600000e-01,
554,-1.200000e-01,-8.200000e-01,
555,-1.800000e-01,-8.800000e-01,
556,-1.400000e-01,-8.200000e-01,
557,-2.400000e-01,-8.800000e-01,
558,-1.800000e-01,-8.400000e-01,
559,-2.600000e-01,-9.000000e-01,
560,-1.800000e-01,-7.800000e-01,
561,-3.400000e-01,-9.400000e-01,
562,-1.600000e-01,-1.060000e+00,
563,-5.200000e-01,-7.000000e-01,
564,-3.200000e-01,-8.800000e-01,
565,-4.000000e-01,-8.400000e-01,
566,-3.600000e-01,-9.600000e-01,
567,-5.000000e-01,-8.200000e-01,
568,-4.000000e-01,-9.600000e-01,
569,-5.800000e-01,-8.000000e-01,
570,-3.600000e-01,-1.020000e+00,
571,-6.000000e-01,-7.600000e-01,
572,-4.800000e-01,-8.400000e-01,
573,-5.600000e-01,-8.800000e-01,
574,-7.600000e-01,-6.600000e-01,
575,-4.000000e-01,-1.060000e+00,
576,-4.800000e-01,-7.400000e-01,
577,-7.000000e-01,-9.400000e-01,
578,-6.000000e-01,-8.800000e-01,
579,-6.800000e-01,-8.200000e-01,
580,-7.600000e-01,-9.400000e-01,
581,-5.400000e-01,-7.000000e-01,
582,-6.600000e-01,-8.600000e-01,
583,-7.200000e-01,-8.000000e-01,
584,-6.800000e-01,-8.400000e-01,
585,-7.400000e-01,-8.000000e-01,
586,-6.600000e-01,-7.400000e-01,
587,-8.000000e-01,-8.800000e-01,
588,-6.400000e-01,-8.800000e-01,
589,-8.200000e-01,-7.000000e-01,
590,-6.400000e-01,-8.600000e-01,
591,-8.400000e-01,-6.800000e-01,
592,-7.200000e-01,-7.800000e-01,
593,-7.600000e-01,-7.200000e-01,
594,-7.600000e-01,-7.600000e-01,
595,-7.200000e-01,-7.000000e-01,
596,-6.800000e-01,-6.600000e-01,
597,-8.200000e-01,-7.800000e-01,
598,-7.400000e-01,-6.800000e-01,
599,-7.800000e-01,-7.400000e-01,
600,-6.600000e-01,-5.800000e-01,
601,-8.600000e-01,-7.800000e-01,
602,-7.600000e-01,-7.000000e-01,
603,-8.000000e-01,-6.600000e-01,
604,-9.400000e-01,-5.400000e-01,
605,-6.400000e-01,-8.000000e-01,
606,-7.800000e-01,-6.800000e-01,
607,-8.200000e-01,-6.200000e-01,
608,-6.800000e-01,-7.400000e-01,
609,-9.200000e-01,-5.200000e-01,
610,-9.000000e-01,-7.200000e-01,
611,-7.600000e-01,-5.600000e-01,
612,-8.400000e-01,-6.000000e-01,
613,-8.000000e-01,-5.400000e-01,
614,-8.000000e-01,-5.800000e-01,
615,-8.600000e-01,-5.000000e-01,
616,-8.600000e-01,-5.400000e-01,
617,-8.000000e-01,-4.600000e-01,
618,-6.400000e-01,-2.600000e-01,
619,-9.200000e-01,-5.400000e-01,
620,-1.020000e+00,-5.600000e-01,
621,-6.200000e-01,-1.800000e-01,
622,-7.600000e-01,-4.200000e-01,
623,-8.800000e-01,-3.000000e-01,
624,-8.200000e-01,-3.600000e-01,
625,-8.600000e-01,-3.000000e-01,
626,-8.600000e-01,-3.200000e-01,
627,-8.000000e-01,-2.600000e-01,
628,-9.600000e-01,-3.800000e-01,
629,-7.000000e-01,-1.200000e-01,
630,-8.400000e-01,-2.400000e-01,
631,-8.000000e-01,-1.800000e-01,
632,-1.000000e+00,-3.400000e-01,
633,-6.600000e-01,-2.000000e-02,
634,-8.200000e-01,-1.800000e-01,
635,-7.600000e-01,-1.000000e-01,
636,-6.400000e-01,-2.800000e-01,
637,-9.400000e-01,4.000000e-02,
638,-6.600000e-01,-1.800000e-01,
639,-9.000000e-01,2.000000e-02,
640,-6.200000e-01,1.000000e-01,
641,-8.400000e-01,-1.200000e-01,
642,-9.400000e-01,-2.400000e-01,
643,-5.800000e-01,1.200000e-01,
644,-9.400000e-01,-2.400000e-01,
645,-6.000000e-01,1.200000e-01,
646,-8.600000e-01,-1.400000e-01,
647,-6.200000e-01,1.000000e-01,
648,-8.200000e-01,-1.000000e-01,
649,-6.800000e-01,8.000000e-02,
650,-8.200000e-01,-8.000000e-02,
651,-6.400000e-01,1.200000e-01,
652,-7.400000e-01,4.000000e-02,
653,-6.800000e-01,1.000000e-01,
654,-7.800000e-01,0.000000e+00,
655,-5.800000e-01,2.000000e-01,
656,-6.000000e-01,0.000000e+00,
657,-7.800000e-01,1.800000e-01,
658,-5.600000e-01,2.600000e-01,
659,-8.200000e-01,2.000000e-02,
660,-6.800000e-01,1.200000e-01,
661,-6.200000e-01,2.000000e-01,
662,-8.000000e-01,4.000000e-02,
663,-5.600000e-01,2.800000e-01,
664,-6.400000e-01,2.000000e-01,
665,-5.600000e-01,2.800000e-01,
666,-6.800000e-01,1.600000e-01,
667,-4.400000e-01,4.000000e-01,
668,-6.600000e-01,2.000000e-01,
669,-4.800000e-01,3.600000e-01,
670,-5.400000e-01,3.200000e-01,
671,-4.600000e-01,4.000000e-01,
672,-2.000000e-01,6.800000e-01,
673,-5.800000e-01,3.000000e-01,
674,-4.600000e-01,4.000000e-01,
675,-3.600000e-01,5.000000e-01,
676,-4.600000e-01,3.800000e-01,
677,-2.200000e-01,6.400000e-01,
678,-3.600000e-01,5.000000e-01,
679,-2.600000e-01,6.200000e-01,
680,-3.200000e-01,5.400000e-01,
681,-2.400000e-01,6.200000e-01,
682,-2.800000e-01,5.800000e-01,
683,-2.000000e-01,6.400000e-01,
684,-2.400000e-01,6.200000e-01,
685,-1.600000e-01,6.800000e-01,
686,-3.000000e-01,5.600000e-01,
687,-8.000000e-02,7.600000e-01,
688,-6.000000e-02,5.600000e-01,
689,-2.600000e-01,7.600000e-01,
690,-1.400000e-01,6.800000e-01,
691,-8.000000e-02,7.400000e-01,
692,-1.200000e-01,7.000000e-01,
693,-4.000000e-02,7.400000e-01,
694,-8.000000e-02,7.200000e-01,
695,-2.000000e-02,7.600000e-01,
696,-6.000000e-02,7.200000e-01,
697,0.000000e+00,7.800000e-01,
698,-1.400000e-01,6.400000e-01,
699,1.400000e-01,9.400000e-01,
700,2.600000e-01,1.000000e+00,
701,-1.600000e-01,5.800000e-01,
702,0.000000e+00,7.400000e-01,
703,6.000000e-02,8.000000e-01,
704,2.000000e-02,7.600000e-01,
705,8.000000e-02,8.000000e-01,
706,0.000000e+00,7.000000e-01,
707,1.200000e-01,8.400000e-01,
708,-6.000000e-02,9.400000e-01,
709,2.400000e-01,6.400000e-01,
710,1.000000e-01,7.800000e-01,
711,1.600000e-01,8.400000e-01,
712,1.400000e-01,8.000000e-01,
713,2.000000e-01,8.600000e-01,
714,1.600000e-01,8.000000e-01,
715,2.800000e-01,9.200000e-01,
716,2.000000e-01,9.400000e-01,
717,3.600000e-01,8.000000e-01,
718,1.400000e-01,7.400000e-01,
719,3.600000e-01,9.600000e-01,
720,2.800000e-01,8.800000e-01,
721,3.600000e-01,8.400000e-01,
722,3.200000e-01,8.200000e-01,
723,4.000000e-01,9.000000e-01,
724,3.000000e-01,7.400000e-01,
725,4.800000e-01,9.400000e-01,
726,1.000000e-01,5.200000e-01,
727,8.400000e-01,1.220000e+00,
728,4.400000e-01,8.800000e-01,
729,5.400000e-01,8.400000e-01,
730,4.800000e-01,8.400000e-01,
731,5.600000e-01,8.800000e-01,
732,5.400000e-01,8.200000e-01,
733,6.400000e-01,9.000000e-01,
734,5.800000e-01,8.200000e-01,
735,6.400000e-01,8.800000e-01,
736,7.200000e-01,9.400000e-01,
737,5.800000e-01,8.000000e-01,
738,6.200000e-01,8.600000e-01,
739,6.800000e-01,8.000000e-01,
740,6.400000e-01,8.400000e-01,
741,7.000000e-01,7.800000e-01,
742,6.600000e-01,8.400000e-01,
743,7.200000e-01,7.800000e-01,
744,6.800000e-01,8.200000e-01,
745,7.400000e-01,7.600000e-01,
746,6.200000e-01,8.200000e-01,
747,7.600000e-01,6.800000e-01,
748,7.000000e-01,8.000000e-01,
749,7.600000e-01,7.400000e-01,
750,5.600000e-01,6.000000e-01,
751,9.400000e-01,9.600000e-01,
752,8.800000e-01,8.800000e-01,
753,6.800000e-01,7.000000e-01,
754,7.800000e-01,7.600000e-01,
755,7.200000e-01,7.000000e-01,
756,9.000000e-01,8.600000e-01,
757,6.200000e-01,6.000000e-01,
758,7.600000e-01,7.400000e-01,
759,8.000000e-01,6.800000e-01,
760,7.600000e-01,7.200000e-01,
761,8.200000e-01,6.600000e-01,
762,9.200000e-01,8.400000e-01,
763,6.600000e-01,5.400000e-01,
764,7.800000e-01,7.000000e-01,
765,8.400000e-01,6.200000e-01,
766,6.600000e-01,4.600000e-01,
767,8.600000e-01,6.800000e-01,
768,8.400000e-01,6.400000e-01,
769,7.800000e-01,5.800000e-01,
770,9.800000e-01,7.600000e-01,
771,7.000000e-01,5.000000e-01,
772,8.600000e-01,5.800000e-01,
773,8.000000e-01,5.000000e-01,
774,8.200000e-01,5.400000e-01,
775,8.600000e-01,4.600000e-01,
776,9.400000e-01,5.800000e-01,
777,7.000000e-01,3.000000e-01,
778,1.000000e+00,5.600000e-01,
779,7.800000e-01,3.800000e-01,
780,8.600000e-01,4.200000e-01,
781,8.200000e-01,3.400000e-01,
782,9.000000e-01,4.000000e-01,
783,8.000000e-01,3.000000e-01,
784,7.200000e-01,3.200000e-01,
785,9.000000e-01,1.600000e-01,
786,8.000000e-01,2.200000e-01,
787,9.200000e-01,3.400000e-01,
788,8.600000e-01,2.400000e-01,
789,8.000000e-01,1.800000e-01,
790,8.400000e-01,2.200000e-01,
791,8.000000e-01,1.400000e-01,
792,8.400000e-01,1.800000e-01,
793,7.800000e-01,1.200000e-01,
794,9.800000e-01,2.800000e-01,
795,6.200000e-01,-6.000000e-02,
796,8.000000e-01,1.200000e-01,
797,7.600000e-01,6.000000e-02,
798,7.800000e-01,1.000000e-01,
799,7.400000e-01,4.000000e-02,
800,7.800000e-01,8.000000e-02,
801,7.200000e-01,0.000000e+00,
802,6.200000e-01,-1.000000e-01,
803,8.200000e-01,1.200000e-01,
804,8.200000e-01,1.400000e-01,
805,6.400000e-01,-8.000000e-02,
806,7.000000e-01,0.000000e+00,
807,7.400000e-01,-4.000000e-02,
808,5.000000e-01,-2.000000e-01,
809,8.200000e-01,8.000000e-02,
810,6.800000e-01,-2.000000e-02,
811,7.400000e-01,-1.000000e-01,
812,8.400000e-01,6.000000e-02,
813,6.200000e-01,-1.600000e-01,
814,7.800000e-01,0.000000e+00,
815,5.800000e-01,-2.200000e-01,
816,7.000000e-01,-1.000000e-01,
817,6.400000e-01,-1.800000e-01,
818,7.800000e-01,-2.000000e-02,
819,5.200000e-01,-3.400000e-01,
820,6.600000e-01,-1.600000e-01,
821,5.800000e-01,-2.600000e-01,
822,4.800000e-01,-3.400000e-01,
823,7.000000e-01,-1.400000e-01,
824,6.600000e-01,-4.200000e-01,
825,4.400000e-01,-1.800000e-01,
826,5.600000e-01,-2.800000e-01,
827,4.800000e-01,-3.600000e-01,
828,5.200000e-01,-3.200000e-01,
829,4.400000e-01,-4.000000e-01,
830,4.800000e-01,-3.600000e-01,
831,4.000000e-01,-4.400000e-01,
832,4.800000e-01,-3.600000e-01,
833,3.200000e-01,-5.400000e-01,
834,4.400000e-01,-4.000000e-01,
835,2.400000e-01,-6.200000e-01,
836,3.600000e-01,-5.000000e-01,
837,2.800000e-01,-5.800000e-01,
838,3.200000e-01,-5.400000e-01,
839,2.400000e-01,-6.200000e-01,
840,2.800000e-01,-5.800000e-01,
841,1.600000e-01,-7.000000e-01,
842,2.400000e-01,-6.200000e-01,
843,1.600000e-01,-6.800000e-01,
844,4.000000e-02,-7.800000e-01,
845,2.600000e-01,-5.800000e-01,
846,1.600000e-01,-6.600000e-01,
847,1.000000e-01,-7.200000e-01,
848,1.400000e-01,-6.800000e-01,
849,6.000000e-02,-7.400000e-01,
850,1.000000e-01,-7.000000e-01,
851,4.000000e-02,-7.400000e-01,
852,8.000000e-02,-7.400000e-01,
853,2.000000e-02,-7.000000e-01,
854,-1.000000e-01,-8.600000e-01,
855,1.800000e-01,-5.600000e-01,
856,-1.200000e-01,-8.800000e-01,
857,1.800000e-01,-5.800000e-01,
858,0.000000e+00,-7.200000e-01,
859,-4.000000e-02,-7.800000e-01,
860,-1.600000e-01,-8.800000e-01,
861,2.000000e-02,-7.000000e-01,
862,-4.000000e-02,-7.400000e-01,
863,-1.400000e-01,-8.800000e-01,
864,-6.000000e-02,-7.600000e-01,
865,-1.200000e-01,-8.200000e-01,
866,-8.000000e-02,-7.800000e-01,
867,-1.400000e-01,-8.400000e-01,
868,-1.000000e-01,-8.000000e-01,
869,-1.800000e-01,-8.600000e-01,
870,-8.000000e-02,-9.400000e-01,
871,-3.000000e-01,-7.200000e-01,
872,-1.800000e-01,-8.600000e-01,
873,-2.600000e-01,-8.200000e-01,
874,-1.000000e-01,-7.400000e-01,
875,-3.400000e-01,-9.600000e-01,
876,-5.400000e-01,-1.060000e+00,
877,-1.800000e-01,-7.400000e-01,
878,-2.800000e-01,-8.800000e-01,
879,-3.800000e-01,-8.200000e-01,
880,-4.800000e-01,-9.600000e-01,
881,-3.200000e-01,-7.600000e-01,
882,-5.200000e-01,-9.600000e-01,
883,-3.600000e-01,-8.000000e-01,
884,-6.400000e-01,-1.040000e+00,
885,-3.600000e-01,-7.600000e-01,
886,-4.600000e-01,-8.800000e-01,
887,-5.400000e-01,-8.200000e-01,
888,-5.000000e-01,-8.800000e-01,
889,-5.800000e-01,-8.200000e-01,
890,-4.600000e-01,-7.400000e-01,
891,-6.600000e-01,-9.200000e-01,
892,-5.000000e-01,-7.400000e-01,
893,-7.200000e-01,-9.200000e-01,
894,-8.600000e-01,-1.060000e+00,
895,-4.600000e-01,-6.600000e-01,
896,-6.400000e-01,-8.400000e-01,
897,-7.000000e-01,-8.000000e-01,
898,-6.600000e-01,-8.000000e-01,
899,-7.200000e-01,-8.400000e-01,
900,-8.400000e-01,-9.400000e-01,
901,-6.000000e-01,-7.000000e-01,
902,-8.400000e-01,-9.200000e-01,
903,-6.400000e-01,-7.200000e-01,
904,-8.000000e-01,-8.400000e-01,
905,-7.000000e-01,-7.400000e-01,
906,-7.600000e-01,-7.800000e-01,
907,-7.000000e-01,-7.400000e-01,
908,-7.200000e-01,-7.800000e-01,
909,-7.800000e-01,-7.000000e-01,
910,-7.600000e-01,-7.400000e-01,
911,-7.200000e-01,-7.000000e-01,
912,-6.200000e-01,-8.200000e-01,
913,-8.600000e-01,-5.800000e-01,
914,-9.200000e-01,-8.600000e-01,
915,-6.200000e-01,-5.600000e-01,
916,-7.400000e-01,-7.000000e-01,
917,-8.000000e-01,-6.600000e-01,
918,-7.600000e-01,-7.000000e-01,
919,-8.200000e-01,-6.400000e-01,
920,-9.200000e-01,-8.000000e-01,
921,-7.000000e-01,-5.800000e-01,
922,-9.600000e-01,-7.600000e-01,
923,-7.600000e-01,-6.000000e-01,
924,-8.000000e-01,-6.400000e-01,
925,-8.400000e-01,-5.800000e-01,
926,-8.200000e-01,-6.200000e-01,
927,-8.600000e-01,-5.600000e-01,
928,-8.200000e-01,-6.000000e-01,
929,-8.800000e-01,-5.200000e-01,
930,-7.400000e-01,-4.400000e-01,
931,-9.000000e-01,-5.800000e-01,
932,-7.200000e-01,-3.400000e-01,
933,-9.800000e-01,-6.000000e-01,
934,-1.060000e+00,-6.200000e-01,
935,-7.600000e-01,-3.400000e-01,
936,-8.200000e-01,-4.600000e-01,
937,-9.200000e-01,-3.400000e-01,
938,-9.200000e-01,-4.200000e-01,
939,-7.600000e-01,-2.600000e-01,
940,-8.400000e-01,-3.400000e-01,
941,-8.000000e-01,-2.600000e-01,
942,-9.600000e-01,-3.800000e-01,
943,-7.000000e-01,-1.400000e-01,
944,-8.000000e-01,-2.600000e-01,
945,-8.400000e-01,-1.800000e-01,
946,-8.400000e-01,-2.200000e-01,
947,-7.800000e-01,-1.400000e-01,
948,-8.200000e-01,-1.800000e-01,
949,-7.800000e-01,-1.200000e-01,
950,-8.200000e-01,-1.600000e-01,
951,-7.800000e-01,-1.000000e-01,
952,-7.000000e-01,0.000000e+00,
953,-8.400000e-01,-1.600000e-01,
954,-8.200000e-01,-1.000000e-01,
955,-7.600000e-01,-4.000000e-02,
956,-8.000000e-01,-8.000000e-02,
957,-7.200000e-01,2.000000e-02,
958,-8.400000e-01,-1.200000e-01,
959,-7.000000e-01,4.000000e-02,
960,-6.800000e-01,-1.400000e-01,
961,-8.800000e-01,6.000000e-02,
962,-7.600000e-01,-2.000000e-02,
963,-7.000000e-01,6.000000e-02,
964,-7.400000e-01,0.000000e+00,
965,-6.800000e-01,6.000000e-02,
966,-6.800000e-01,2.000000e-02,
967,-7.400000e-01,8.000000e-02,
968,-7.200000e-01,6.000000e-02,
969,-6.600000e-01,1.000000e-01,
970,-8.400000e-01,-6.000000e-02,
971,-5.400000e-01,2.400000e-01,
972,-8.000000e-01,0.000000e+00,
973,-5.400000e-01,2.600000e-01,
974,-6.800000e-01,1.200000e-01,
975,-6.200000e-01,2.000000e-01,
976,-6.600000e-01,1.600000e-01,
977,-6.000000e-01,2.200000e-01,
978,-6.400000e-01,1.800000e-01,
979,-5.800000e-01,2.600000e-01,
980,-6.800000e-01,1.800000e-01,
981,-5.200000e-01,3.200000e-01,
982,-5.800000e-01,2.800000e-01,
983,-5.200000e-01,3.400000e-01,
984,-6.800000e-01,1.800000e-01,
985,-3.200000e-01,5.400000e-01,
986,-3.200000e-01,5.800000e-01,
987,-5.800000e-01,3.000000e-01,
988,-2.800000e-01,6.000000e-01,
989,-5.800000e-01,3.000000e-01,
990,-2.600000e-01,6.200000e-01,
991,-5.400000e-01,3.600000e-01,
992,-3.800000e-01,4.800000e-01,
993,-3.000000e-01,5.600000e-01,
994,-2.000000e-01,6.600000e-01,
995,-4.400000e-01,4.000000e-01,
996,-3.800000e-01,4.800000e-01,
997,-6.000000e-02,7.600000e-01,
998,-2.600000e-01,6.000000e-01,
999,-1.800000e-01,6.600000e-01,
1000,-3.400000e-01,5.000000e-01,
1001,-6.000000e-02,7.400000e-01,
1002,-1.800000e-01,6.400000e-01,
1003,-1.200000e-01,7.000000e-01,
1004,-1.400000e-01,6.600000e-01,
1005,-8.000000e-02,7.200000e-01,
1006,2.000000e-02,8.200000e-01,
1007,-2.000000e-01,6.200000e-01,
1008,4.000000e-02,8.200000e-01,
1009,-1.400000e-01,6.400000e-01,
1010,8.000000e-02,8.600000e-01,
1011,-1.000000e-01,7.000000e-01,
1012,-6.000000e-02,7.200000e-01,
1013,0.000000e+00,7.800000e-01,
1014,-2.000000e-02,7.800000e-01,
1015,4.000000e-02,7.400000e-01,
1016,0.000000e+00,8.000000e-01,
1017,6.000000e-02,7.400000e-01,
1018,2.000000e-02,7.600000e-01,
1019,8.000000e-02,8.000000e-01,
1020,-8.000000e-02,6.600000e-01,
1021,1.400000e-01,8.600000e-01,
1022,1.800000e-01,9.200000e-01,
1023,-4.000000e-02,6.800000e-01,
1024,1.000000e-01,8.200000e-01,
1025,1.600000e-01,7.800000e-01,
1026,4.000000e-01,1.060000e+00,
1027,4.000000e-02,6.800000e-01,
1028,1.400000e-01,8.000000e-01,
1029,2.200000e-01,8.600000e-01,
1030,1.800000e-01,8.200000e-01,
1031,2.600000e-01,8.600000e-01,
1032,2.200000e-01,8.200000e-01,
1033,3.000000e-01,8.800000e-01,
1034,2.600000e-01,8.800000e-01,
1035,3.400000e-01,8.400000e-01,
1036,3.000000e-01,9.400000e-01,
1037,4.000000e-01,8.200000e-01,
1038,3.000000e-01,7.800000e-01,
1039,4.800000e-01,9.400000e-01,
1040,4.000000e-01,8.600000e-01,
1041,4.800000e-01,9.000000e-01,
1042,3.000000e-01,7.400000e-01,
1043,6.400000e-01,1.080000e+00,
1044,6.600000e-01,1.000000e+00,
1045,4.600000e-01,8.200000e-01,
1046,6.600000e-01,1.000000e+00,
1047,4.400000e-01,7.800000e-01,
1048,4.200000e-01,6.800000e-01,
1049,8.200000e-01,1.060000e+00,
1050,7.400000e-01,9.800000e-01,
1051,5.800000e-01,8.200000e-01,
1052,6.200000e-01,8.800000e-01,
1053,6.800000e-01,8.200000e-01,
1054,5.200000e-01,7.000000e-01,
1055,8.200000e-01,9.800000e-01,
1056,6.600000e-01,8.400000e-01,
1057,7.200000e-01,8.000000e-01,
1058,6.000000e-01,6.800000e-01,
1059,7.600000e-01,8.400000e-01,
1060,5.800000e-01,6.600000e-01,
1061,8.800000e-01,9.400000e-01,
1062,9.600000e-01,9.400000e-01,
1063,5.600000e-01,6.400000e-01,
1064,7.000000e-01,8.000000e-01,
1065,7.600000e-01,7.400000e-01,
1066,8.400000e-01,8.200000e-01,
1067,6.400000e-01,6.800000e-01,
1068,6.400000e-01,6.200000e-01,
1069,9.400000e-01,9.200000e-01,
1070,7.400000e-01,7.800000e-01,
1071,8.200000e-01,7.000000e-01,
1072,7.600000e-01,7.600000e-01,
1073,8.200000e-01,7.000000e-01,
1074,7.400000e-01,6.600000e-01,
1075,8.400000e-01,7.800000e-01,
1076,6.600000e-01,8.000000e-01,
1077,9.200000e-01,5.400000e-01,
1078,6.600000e-01,5.200000e-01,
1079,9.200000e-01,7.600000e-01,
1080,1.000000e+00,8.200000e-01,
1081,7.000000e-01,4.800000e-01,
1082,8.600000e-01,6.600000e-01,
1083,7.800000e-01,5.600000e-01,
1084,8.400000e-01,6.200000e-01,
1085,8.000000e-01,5.400000e-01,
1086,9.200000e-01,6.400000e-01,
1087,7.400000e-01,4.400000e-01,
1088,6.600000e-01,3.200000e-01,
1089,9.200000e-01,5.600000e-01,
1090,7.000000e-01,3.400000e-01,
1091,1.020000e+00,6.400000e-01,
1092,8.200000e-01,4.600000e-01,
1093,8.600000e-01,3.800000e-01,
1094,8.600000e-01,4.200000e-01,
1095,8.000000e-01,3.400000e-01,
1096,7.000000e-01,4.000000e-01,
1097,9.200000e-01,1.800000e-01,
1098,8.800000e-01,3.400000e-01,
1099,8.200000e-01,2.600000e-01,
1100,6.800000e-01,6.000000e-02,
1101,1.040000e+00,4.200000e-01,
1102,8.600000e-01,2.600000e-01,
1103,8.200000e-01,1.800000e-01,
1104,9.400000e-01,3.000000e-01,
1105,7.200000e-01,8.000000e-02,
1106,9.000000e-01,2.400000e-01,
1107,7.200000e-01,6.000000e-02,
1108,6.400000e-01,-2.000000e-02,
1109,1.020000e+00,2.600000e-01,
1110,6.200000e-01,2.200000e-01,
1111,9.000000e-01,-6.000000e-02,
1112,6.000000e-01,-8.000000e-02,
1113,9.000000e-01,1.800000e-01,
1114,7.800000e-01,6.000000e-02,
1115,7.200000e-01,0.000000e+00,
1116,6.600000e-01,-6.000000e-02,
1117,7.800000e-01,6.000000e-02,
1118,7.600000e-01,2.000000e-02,
1119,7.000000e-01,-2.000000e-02,
1120,7.400000e-01,0.000000e+00,
1121,6.800000e-01,-6.000000e-02,
1122,7.000000e-01,-2.000000e-02,
1123,7.600000e-01,-8.000000e-02,
1124,8.800000e-01,1.200000e-01,
1125,5.800000e-01,-1.800000e-01,
1126,8.200000e-01,0.000000e+00,
1127,6.600000e-01,-1.400000e-01,
1128,7.200000e-01,-8.000000e-02,
1129,6.800000e-01,-1.600000e-01,
1130,7.000000e-01,-1.200000e-01,
1131,6.400000e-01,-1.800000e-01,
1132,7.000000e-01,-1.400000e-01,
1133,6.200000e-01,-2.200000e-01,
1134,4.800000e-01,-3.400000e-01,
1135,7.600000e-01,-1.000000e-01,
1136,7.200000e-01,-1.600000e-01,
1137,5.000000e-01,-3.600000e-01,
1138,5.800000e-01,-2.600000e-01,
1139,5.200000e-01,-3.400000e-01,
1140,5.400000e-01,-3.000000e-01,
1141,4.600000e-01,-3.800000e-01,
1142,5.200000e-01,-3.400000e-01,
1143,4.400000e-01,-4.200000e-01,
1144,5.800000e-01,-2.800000e-01,
1145,3.000000e-01,-5.600000e-01,
1146,4.200000e-01,-4.200000e-01,
1147,3.400000e-01,-5.000000e-01,
1148,1.400000e-01,-6.800000e-01,
1149,5.000000e-01,-3.600000e-01,
1150,3.400000e-01,-5.200000e-01,
1151,2.600000e-01,-6.000000e-01,
1152,3.000000e-01,-5.600000e-01,
1153,2.200000e-01,-6.400000e-01,
1154,2.600000e-01,-6.000000e-01,
1155,1.800000e-01,-6.600000e-01,
1156,-2.000000e-02,-8.600000e-01,
1157,4.400000e-01,-4.400000e-01,
1158,2.000000e-01,-6.400000e-01,
1159,1.200000e-01,-7.000000e-01,
1160,1.600000e-01,-6.600000e-01,
1161,8.000000e-02,-7.200000e-01,
1162,1.200000e-01,-6.800000e-01,
1163,6.000000e-02,-7.400000e-01,
1164,1.000000e-01,-7.000000e-01,
1165,4.000000e-02,-7.400000e-01,
1166,1.400000e-01,-6.200000e-01,
1167,-8.000000e-02,-8.400000e-01,
1168,-2.000000e-01,-9.400000e-01,
1169,1.200000e-01,-6.400000e-01,
1170,2.000000e-02,-7.200000e-01,
1171,-4.000000e-02,-7.600000e-01,
1172,-1.400000e-01,-8.800000e-01,
1173,6.000000e-02,-6.600000e-01,
1174,0.000000e+00,-7.400000e-01,
1175,-8.000000e-02,-8.000000e-01,
1176,-1.600000e-01,-8.800000e-01,
1177,-2.000000e-02,-7.400000e-01,
1178,-6.000000e-02,-8.200000e-01,
1179,-1.200000e-01,-7.600000e-01,
1180,-8.000000e-02,-7.800000e-01,
1181,-1.600000e-01,-8.400000e-01,
1182,-1.200000e-01,-8.000000e-01,
1183,-1.800000e-01,-8.600000e-01,
1184,-1.400000e-01,-8.000000e-01,
1185,-2.200000e-01,-8.600000e-01,
1186,-1.200000e-01,-7.400000e-01,
1187,-3.000000e-01,-9.200000e-01,
1188,-2.200000e-01,-8.200000e-01,
1189,-3.000000e-01,-8.800000e-01,
1190,-2.600000e-01,-8.200000e-01,
1191,-3.400000e-01,-8.800000e-01,
1192,-3.000000e-01,-8.800000e-01,
1193,-3.800000e-01,-8.200000e-01,
1194,-5.200000e-01,-1.000000e+00,
1195,-3.000000e-01,-7.600000e-01,
1196,-3.000000e-01,-7.000000e-01,
1197,-6.400000e-01,-9.800000e-01,
1198,-4.400000e-01,-8.800000e-01,
1199,-5.200000e-01,-8.200000e-01,
1200,-4.800000e-01,-8.800000e-01,
1201,-5.600000e-01,-8.400000e-01,
1202,-5.200000e-01,-8.800000e-01,
1203,-6.000000e-01,-8.200000e-01,
1204,-5.200000e-01,-7.400000e-01,
1205,-7.200000e-01,-9.600000e-01,
1206,-7.200000e-01,-9.600000e-01,
1207,-5.000000e-01,-7.400000e-01,
1208,-8.200000e-01,-1.000000e+00,
1209,-4.800000e-01,-6.400000e-01,
1210,-7.600000e-01,-9.000000e-01,
1211,-5.800000e-01,-7.400000e-01,
1212,-6.600000e-01,-8.200000e-01,
1213,-7.200000e-01,-7.800000e-01,
1214,-8.000000e-01,-8.800000e-01,
1215,-5.800000e-01,-6.400000e-01,
1216,-6.800000e-01,-8.000000e-01,
1217,-7.400000e-01,-7.600000e-01,
1218,-7.000000e-01,-8.000000e-01,
1219,-7.400000e-01,-7.400000e-01,
1220,-7.000000e-01,-7.800000e-01,
1221,-7.600000e-01,-7.200000e-01,
1222,-6.000000e-01,-6.200000e-01,
1223,-8.200000e-01,-8.200000e-01,
1224,-6.000000e-01,-8.200000e-01,
1225,-8.400000e-01,-5.800000e-01,
1226,-1.080000e+00,-1.060000e+00,
1227,-5.800000e-01,-5.200000e-01,
1228,-7.400000e-01,-7.200000e-01,
1229,-7.800000e-01,-6.600000e-01,
1230,-7.400000e-01,-7.000000e-01,
1231,-8.000000e-01,-6.600000e-01,
1232,-8.000000e-01,-6.400000e-01,
1233,-7.600000e-01,-7.000000e-01,
1234,-9.200000e-01,-7.800000e-01,
1235,-6.800000e-01,-5.600000e-01,
1236,-7.800000e-01,-6.600000e-01,
1237,-8.400000e-01,-6.000000e-01,
1238,-6.000000e-01,-4.000000e-01,
1239,-1.040000e+00,-8.200000e-01,
1240,-8.000000e-01,-6.200000e-01,
1241,-8.400000e-01,-5.400000e-01,
1242,-8.000000e-01,-5.800000e-01,
1243,-8.600000e-01,-5.000000e-01,
1244,-7.000000e-01,-3.800000e-01,
1245,-1.000000e+00,-6.800000e-01,
1246,-8.600000e-01,-5.000000e-01,
1247,-8.200000e-01,-4.200000e-01,
1248,-8.200000e-01,-4.600000e-01,
1249,-8.600000e-01,-4.000000e-01,
1250,-8.200000e-01,-4.200000e-01,
1251,-8.800000e-01,-3.400000e-01,
1252,-1.040000e+00,-5.400000e-01,
1253,-7.600000e-01,-2.400000e-01,
1254,-8.200000e-01,-3.400000e-01,
1255,-8.600000e-01,-2.600000e-01,
1256,-8.200000e-01,-3.000000e-01,
1257,-8.600000e-01,-2.200000e-01,
1258,-8.600000e-01,-2.600000e-01,
1259,-8.000000e-01,-1.800000e-01,
1260,-8.400000e-01,-2.200000e-01,
1261,-8.000000e-01,-1.600000e-01,
1262,-6.800000e-01,0.000000e+00,
1263,-9.000000e-01,-2.400000e-01,
1264,-7.200000e-01,0.000000e+00,
1265,-9.400000e-01,-2.600000e-01,
1266,-8.200000e-01,-1.200000e-01,
1267,-7.800000e-01,-6.000000e-02,
1268,-8.200000e-01,-1.000000e-01,
1269,-7.600000e-01,-4.000000e-02,
1270,-8.000000e-01,-8.000000e-02,
1271,-7.400000e-01,-2.000000e-02,
1272,-8.600000e-01,-1.200000e-01,
1273,-7.200000e-01,2.000000e-02,
1274,-7.800000e-01,-2.000000e-02,
1275,-7.200000e-01,4.000000e-02,
1276,-6.000000e-01,1.600000e-01,
1277,-9.000000e-01,-1.600000e-01,
1278,-7.600000e-01,2.000000e-02,
1279,-7.000000e-01,8.000000e-02,
1280,-6.000000e-01,1.800000e-01,
1281,-7.800000e-01,0.000000e+00,
1282,-5.800000e-01,2.200000e-01,
1283,-8.000000e-01,-2.000000e-02,
1284,-9.200000e-01,-1.200000e-01,
1285,-4.400000e-01,3.000000e-01,
1286,-7.000000e-01,1.200000e-01,
1287,-6.400000e-01,1.800000e-01,
1288,-7.400000e-01,8.000000e-02,
1289,-6.000000e-01,2.200000e-01,
1290,-6.600000e-01,1.600000e-01,
1291,-6.000000e-01,2.400000e-01,
1292,-7.000000e-01,1.200000e-01,
1293,-5.000000e-01,3.800000e-01,
1294,-6.000000e-01,2.400000e-01,
1295,-5.400000e-01,3.200000e-01,
1296,-7.000000e-01,1.800000e-01,
1297,-3.600000e-01,5.000000e-01,
1298,-5.400000e-01,3.400000e-01,
1299,-4.600000e-01,4.200000e-01,
1300,-5.000000e-01,3.800000e-01,
1301,-4.200000e-01,4.600000e-01,
1302,-5.400000e-01,3.600000e-01,
1303,-2.400000e-01,6.600000e-01,
1304,-4.000000e-01,4.600000e-01,
1305,-3.200000e-01,5.600000e-01,
1306,-3.600000e-01,5.200000e-01,
1307,-2.800000e-01,6.000000e-01,
1308,-3.400000e-01,6.200000e-01,
1309,-2.400000e-01,5.400000e-01,
1310,-3.600000e-01,4.800000e-01,
1311,-1.600000e-01,6.800000e-01,
1312,-3.600000e-01,5.200000e-01,
1313,-1.600000e-01,6.800000e-01,
1314,-2.000000e-01,6.400000e-01,
1315,-1.200000e-01,7.000000e-01,
1316,-1.600000e-01,6.600000e-01,
1317,-1.000000e-01,7.200000e-01,
1318,-1.400000e-01,6.800000e-01,
1319,-6.000000e-02,7.400000e-01,
1320,-1.600000e-01,6.400000e-01,
1321,6.000000e-02,8.600000e-01,
1322,-1.800000e-01,6.000000e-01,
1323,8.000000e-02,8.600000e-01,
1324,-5.800000e-01,2.000000e-01,
1325,1.800000e-01,9.600000e-01,
1326,-1.400000e-01,6.000000e-01,
1327,6.000000e-02,8.200000e-01,
1328,-1.000000e-01,6.200000e-01,
1329,8.000000e-02,8.200000e-01,
1330,-4.000000e-02,6.800000e-01,
1331,1.000000e-01,8.200000e-01,
1332,-4.000000e-02,7.000000e-01,
1333,1.600000e-01,8.800000e-01,
1334,-8.000000e-02,6.600000e-01,
1335,2.400000e-01,9.600000e-01,
1336,1.400000e-01,7.600000e-01,
1337,6.000000e-02,8.600000e-01,
1338,8.000000e-02,7.600000e-01,
1339,3.200000e-01,9.800000e-01,
1340,2.800000e-01,9.400000e-01,
1341,1.200000e-01,7.800000e-01,
1342,1.800000e-01,8.200000e-01,
1343,2.400000e-01,8.800000e-01,
1344,2.000000e-02,6.800000e-01,
1345,3.400000e-01,9.400000e-01,
1346,3.600000e-01,7.600000e-01,
1347,2.000000e-01,9.200000e-01,
1348,3.000000e-01,8.800000e-01,
1349,3.800000e-01,8.400000e-01,
1350,4.800000e-01,9.800000e-01,
1351,2.400000e-01,7.200000e-01,
1352,3.800000e-01,8.800000e-01,
1353,4.600000e-01,8.400000e-01,
1354,4.200000e-01,8.800000e-01,
1355,5.000000e-01,8.400000e-01,
1356,4.600000e-01,8.800000e-01,
1357,5.400000e-01,8.400000e-01,
1358,7.000000e-01,1.020000e+00,
1359,4.800000e-01,7.800000e-01,
1360,6.800000e-01,9.600000e-01,
1361,4.600000e-01,7.200000e-01,
1362,5.800000e-01,8.600000e-01,
1363,6.400000e-01,8.200000e-01,
1364,6.000000e-01,8.600000e-01,
1365,6.600000e-01,8.200000e-01,
1366,6.200000e-01,8.000000e-01,
1367,6.800000e-01,8.600000e-01,
1368,7.600000e-01,9.000000e-01,
1369,5.800000e-01,7.000000e-01,
1370,5.400000e-01,6.600000e-01,
1371,8.600000e-01,9.400000e-01,
1372,6.800000e-01,8.000000e-01,
1373,7.200000e-01,7.600000e-01,
1374,6.800000e-01,8.000000e-01,
1375,7.400000e-01,7.400000e-01,
1376,6.800000e-01,7.800000e-01,
1377,7.400000e-01,7.200000e-01,
1378,7.000000e-01,7.600000e-01,
1379,7.400000e-01,7.200000e-01,
1380,8.400000e-01,8.400000e-01,
1381,6.200000e-01,6.200000e-01,
1382,7.000000e-01,7.400000e-01,
1383,7.800000e-01,7.000000e-01,
1384,7.200000e-01,7.400000e-01,
1385,7.800000e-01,6.800000e-01,
1386,7.400000e-01,7.200000e-01,
1387,8.000000e-01,6.800000e-01,
1388,8.000000e-01,7.200000e-01,
1389,7.600000e-01,6.800000e-01,
1390,7.000000e-01,6.000000e-01,
1391,8.800000e-01,7.600000e-01,
1392,6.600000e-01,5.200000e-01,
1393,9.400000e-01,7.600000e-01,
1394,8.400000e-01,6.800000e-01,
1395,7.800000e-01,6.000000e-01,
1396,9.400000e-01,7.200000e-01,
1397,7.600000e-01,5.400000e-01,
1398,9.400000e-01,6.600000e-01,
1399,7.600000e-01,4.800000e-01,
